"filename","n_sequences","alignment_length","best_model","log_likelihood","aic_score","bic_score","method","freq_A","freq_R","freq_N","freq_D","freq_C","freq_Q","freq_E","freq_G","freq_H","freq_I","freq_L","freq_K","freq_M","freq_F","freq_P","freq_S","freq_T","freq_W","freq_Y","freq_V","gamma_shape","prop_invariant","indel_rate","mean_indel_length","total_gaps","speciation_rate","extinction_rate","net_diversification","relative_extinction","speciation_ci_lower","speciation_ci_upper","extinction_ci_lower","extinction_ci_upper","tree_loglik","tree_aic","tree_aicc","diversification_method","model_type","n_tips","tree_length","crown_age","convergence","tree_error","all_models_aic","best_models_ranking","delta_aic","effective_pop_size","growth_rate","coalescent_params"
"TF105009_treefam.fasta",81,760,"LG+I+G4+F",-14908.5983,30177.1967,31011.194,"ModelTest-NG",0.0781,0.0528,0.0771,0.0422,0.0023,0.1061,0.0608,0.0585,0.0341,0.0259,0.0886,0.0737,0.0242,0.0109,0.0501,0.0931,0.0552,1e-04,0.016,0.0502,0.8438,0,5.67894736842105,20.2664504170528,43735,145.695171218846,137.517354852303,8.17781636654274,0.943870367850016,NA,NA,NA,NA,30.8126025059691,-53.0988892224645,-53.0988892224645,"RPANDA_BD_BLINDLIN","birth_death",81,18.772,1,NA,NA,"BD_BLINDLIN:-53.1; BD_BCSTDCST:-52.94; BD_BCSTDEXP:-50.88; BD_BEXPCDST:-50.88; BD_BCSTDLIN:-50.79; BD_BLINCDST:-50.74; BD_BEXPDLIN:-48.98; BD_BEXPDEXP:-48.67; BD_BLINDEXP:-48.52; COAL_COALCST:453.37; COAL_COALEXP:3003.56; COAL_COALLIN:3003.56; COAL_COALLOG:3005.56; COAL_COALSTEP:6114.03","BD_BLINDLIN > BD_BCSTDCST > BD_BCSTDEXP > BD_BEXPCDST > BD_BCSTDLIN > BD_BLINCDST > BD_BEXPDLIN > BD_BEXPDEXP > BD_BLINDEXP > COAL_COALCST > COAL_COALEXP > COAL_COALLIN > COAL_COALLOG > COAL_COALSTEP","BD_BLINDLIN:0; BD_BCSTDCST:0.15; BD_BCSTDEXP:2.22; BD_BEXPCDST:2.22; BD_BCSTDLIN:2.31; BD_BLINCDST:2.36; BD_BEXPDLIN:4.12; BD_BEXPDEXP:4.43; BD_BLINDEXP:4.58; COAL_COALCST:506.47; COAL_COALEXP:3056.66; COAL_COALLIN:3056.66; COAL_COALLOG:3058.66; COAL_COALSTEP:6167.12",NA,NA,NA
"TF103001_treefam.fasta",103,2549,"LG+I+G4",-132077.2576,264496.0682,265762.4237,"ModelTest-NG",0.0791,0.0559,0.042,0.0531,0.0129,0.0408,0.0716,0.0573,0.0224,0.0622,0.0991,0.0646,0.023,0.0423,0.044,0.0612,0.0533,0.0121,0.0342,0.0691,0.8364,0.8364,13.0992546096508,7.16873315363881,119682,294.079663348778,-288.865950400881,582.94561374966,-0.982271086383441,NA,NA,NA,NA,81.2109971858331,-154.01383110636,-154.01383110636,"RPANDA_BD_BLINDLIN","birth_death",103,25.3412,1,NA,NA,"BD_BLINDLIN:-154.01; BD_BCSTDLIN:-142.77; BD_BLINCDST:-142.28; BD_BEXPCDST:-142.11; BD_BCSTDEXP:-142.01; BD_BEXPDLIN:-141.65; BD_BCSTDCST:-141.6; BD_BLINDEXP:-140.11; BD_BEXPDEXP:-139.94; COAL_COALCST:542.83; COAL_COALEXP:4560.45; COAL_COALLIN:4560.45; COAL_COALLOG:4562.45; COAL_COALSTEP:9328.88","BD_BLINDLIN > BD_BCSTDLIN > BD_BLINCDST > BD_BEXPCDST > BD_BCSTDEXP > BD_BEXPDLIN > BD_BCSTDCST > BD_BLINDEXP > BD_BEXPDEXP > COAL_COALCST > COAL_COALEXP > COAL_COALLIN > COAL_COALLOG > COAL_COALSTEP","BD_BLINDLIN:0; BD_BCSTDLIN:11.25; BD_BLINCDST:11.74; BD_BEXPCDST:11.91; BD_BCSTDEXP:12.01; BD_BEXPDLIN:12.37; BD_BCSTDCST:12.42; BD_BLINDEXP:13.9; BD_BEXPDEXP:14.07; COAL_COALCST:696.84; COAL_COALEXP:4714.46; COAL_COALLIN:4714.46; COAL_COALLOG:4716.46; COAL_COALSTEP:9482.89",NA,NA,NA
"TF103005_treefam.fasta",67,597,"LG+G4+F",-22600.8056,45501.3773,46166.7906,"ModelTest-NG",0.0537,0.0702,0.0352,0.0453,0.0214,0.0444,0.0675,0.0745,0.0325,0.0337,0.1366,0.0501,0.0169,0.0354,0.0467,0.0822,0.0466,0.02,0.0239,0.0633,0.95,1.0309,6.43551088777219,6.82873503383654,13118,3.42246562840542,1.09824570246895e-07,3.42246551858085,3.20893128437536e-08,NA,NA,NA,NA,14.9725624371414,-25.7576248742828,-25.7576248742828,"RPANDA_BD_BCSTDCST","birth_death",67,13.2984,1,NA,NA,"BD_BCSTDCST:-25.76; BD_BLINDLIN:-23.88; BD_BEXPCDST:-23.63; BD_BCSTDEXP:-23.56; BD_BLINCDST:-23.53; BD_BCSTDLIN:-23.46; BD_BEXPDLIN:-21.43; BD_BEXPDEXP:-21.37; BD_BLINDEXP:-21.26; COAL_COALCST:370.45; COAL_COALEXP:2107.37; COAL_COALLIN:2107.37; COAL_COALLOG:2109.37; COAL_COALSTEP:4285.66","BD_BCSTDCST > BD_BLINDLIN > BD_BEXPCDST > BD_BCSTDEXP > BD_BLINCDST > BD_BCSTDLIN > BD_BEXPDLIN > BD_BEXPDEXP > BD_BLINDEXP > COAL_COALCST > COAL_COALEXP > COAL_COALLIN > COAL_COALLOG > COAL_COALSTEP","BD_BCSTDCST:0; BD_BLINDLIN:1.88; BD_BEXPCDST:2.13; BD_BCSTDEXP:2.19; BD_BLINCDST:2.23; BD_BCSTDLIN:2.3; BD_BEXPDLIN:4.33; BD_BEXPDEXP:4.39; BD_BLINDEXP:4.5; COAL_COALCST:396.21; COAL_COALEXP:2133.13; COAL_COALLIN:2133.13; COAL_COALLOG:2135.13; COAL_COALSTEP:4311.42",NA,NA,NA
"TF103002_treefam.fasta",78,1146,"LG+G4",-18489.6977,37287.3953,38064.1764,"ModelTest-NG",0.0791,0.0559,0.042,0.0531,0.0129,0.0408,0.0716,0.0573,0.0224,0.0622,0.0991,0.0646,0.023,0.0423,0.044,0.0612,0.0533,0.0121,0.0342,0.0691,1,0,3.02094240837696,36.5638359329867,63292,7.86685635228871,-4.95854061789847,12.8253969701872,-0.630307761556608,NA,NA,NA,NA,50.2702381961824,-96.3804763923648,-96.3804763923648,"RPANDA_BD_BCSTDCST","birth_death",78,29.7105,1,NA,NA,"BD_BCSTDCST:-96.38; BD_BLINDEXP:-94.85; BD_BCSTDEXP:-94.3; BD_BLINDLIN:-94.29; BD_BEXPCDST:-94.26; BD_BEXPDLIN:-94.23; BD_BLINCDST:-94.21; BD_BCSTDLIN:-94.21; BD_BEXPDEXP:-92.29; COAL_COALCST:366.17; COAL_COALEXP:2305.98; COAL_COALLIN:2305.98; COAL_COALLOG:2307.98; COAL_COALSTEP:4755.29","BD_BCSTDCST > BD_BLINDEXP > BD_BCSTDEXP > BD_BLINDLIN > BD_BEXPCDST > BD_BEXPDLIN > BD_BLINCDST > BD_BCSTDLIN > BD_BEXPDEXP > COAL_COALCST > COAL_COALEXP > COAL_COALLIN > COAL_COALLOG > COAL_COALSTEP","BD_BCSTDCST:0; BD_BLINDEXP:1.53; BD_BCSTDEXP:2.08; BD_BLINDLIN:2.09; BD_BEXPCDST:2.12; BD_BEXPDLIN:2.15; BD_BLINCDST:2.17; BD_BCSTDLIN:2.17; BD_BEXPDEXP:4.09; COAL_COALCST:462.55; COAL_COALEXP:2402.36; COAL_COALLIN:2402.36; COAL_COALLOG:2404.36; COAL_COALSTEP:4851.67",NA,NA,NA
"TF103006_treefam.fasta",60,682,"LG+G4+F",-20502.2687,41278.5374,41898.4665,"ModelTest-NG",0.0803,0.0403,0.0406,0.0443,0.0117,0.0463,0.0916,0.0463,0.017,0.0284,0.0552,0.1294,0.0234,0.0221,0.0709,0.104,0.0541,0.0026,0.0221,0.0695,1.1013,0,8.29032258064516,4.88043862752034,13797,6.50332481047163,3.90939643119817,2.59392837927346,0.601138117060257,NA,NA,NA,NA,30.2905004486459,-56.3704745815022,-56.3704745815022,"RPANDA_BD_BCSTDCST","birth_death",60,11.6571,1,NA,NA,"BD_BCSTDCST:-56.37; BD_BEXPCDST:-55.05; BD_BCSTDLIN:-54.53; BD_BLINCDST:-54.5; BD_BCSTDEXP:-54.45; BD_BEXPDEXP:-52.75; BD_BEXPDLIN:-52.65; BD_BLINDLIN:-52.24; BD_BLINDEXP:-52.2; COAL_COALCST:267.93; COAL_COALEXP:1361.77; COAL_COALLIN:1361.77; COAL_COALLOG:1363.77; COAL_COALSTEP:2817.39","BD_BCSTDCST > BD_BEXPCDST > BD_BCSTDLIN > BD_BLINCDST > BD_BCSTDEXP > BD_BEXPDEXP > BD_BEXPDLIN > BD_BLINDLIN > BD_BLINDEXP > COAL_COALCST > COAL_COALEXP > COAL_COALLIN > COAL_COALLOG > COAL_COALSTEP","BD_BCSTDCST:0; BD_BEXPCDST:1.32; BD_BCSTDLIN:1.84; BD_BLINCDST:1.87; BD_BCSTDEXP:1.92; BD_BEXPDEXP:3.62; BD_BEXPDLIN:3.72; BD_BLINDLIN:4.14; BD_BLINDEXP:4.17; COAL_COALCST:324.3; COAL_COALEXP:1418.14; COAL_COALLIN:1418.14; COAL_COALLOG:1420.14; COAL_COALSTEP:2873.76",NA,NA,NA
"TF101009_treefam.fasta",127,969,"LG+I+G4+F",-30156.6135,60857.227,62183.571,"ModelTest-NG",0.0802,0.0447,0.0276,0.0404,0.0319,0.0653,0.0503,0.0302,0.0414,0.0358,0.1391,0.0393,0.023,0.0378,0.0599,0.086,0.0567,0.0135,0.0438,0.053,1.0496,1.0496,11.3374613003096,13.7551429091571,75557,1.35362072523043,-0.000337071425537831,1.35395779665597,-0.000249014675422061,NA,NA,NA,NA,123.98832464574,-241.78152734026,-241.78152734026,"RPANDA_BD_BEXPCDST","birth_death",127,21.5098,1,NA,NA,"BD_BEXPCDST:-241.78; BD_BCSTDEXP:-241.59; BD_BLINCDST:-241.43; BD_BCSTDLIN:-241.38; BD_BCSTDCST:-241.04; BD_BEXPDEXP:-239.65; BD_BEXPDLIN:-239.41; BD_BLINDLIN:-239.37; BD_BLINDEXP:-239.31; COAL_COALCST:640.3; COAL_COALEXP:6271.15; COAL_COALLIN:6271.15; COAL_COALLOG:6273.15; COAL_COALSTEP:12856.86","BD_BEXPCDST > BD_BCSTDEXP > BD_BLINCDST > BD_BCSTDLIN > BD_BCSTDCST > BD_BEXPDEXP > BD_BEXPDLIN > BD_BLINDLIN > BD_BLINDEXP > COAL_COALCST > COAL_COALEXP > COAL_COALLIN > COAL_COALLOG > COAL_COALSTEP","BD_BEXPCDST:0; BD_BCSTDEXP:0.19; BD_BLINCDST:0.35; BD_BCSTDLIN:0.4; BD_BCSTDCST:0.74; BD_BEXPDEXP:2.13; BD_BEXPDLIN:2.37; BD_BLINDLIN:2.41; BD_BLINDEXP:2.47; COAL_COALCST:882.08; COAL_COALEXP:6512.94; COAL_COALLIN:6512.94; COAL_COALLOG:6514.94; COAL_COALSTEP:13098.65",NA,NA,NA
"TF102005_treefam.fasta",209,3971,"LG+G4+F",-134054.6868,268979.3737,271714.12,"ModelTest-NG",0.0687,0.0718,0.0311,0.0544,0.0164,0.0506,0.0783,0.0584,0.0209,0.0397,0.1124,0.0569,0.0204,0.0415,0.0641,0.0781,0.0491,0.0098,0.0171,0.0602,0.7787,0.7725,12.6522286577688,25.2362963257832,633961,4.64768314690304,-9.2608332476296e-05,4.64777575523551,-1.99256983639268e-05,NA,NA,NA,NA,111.001477299248,-217.944702171312,-217.944702171312,"RPANDA_BD_BCSTDCST","birth_death",209,44.1984,1.00000100000026,NA,NA,"BD_BCSTDCST:-217.94; BD_BEXPCDST:-215.9; BD_BCSTDEXP:-215.89; BD_BCSTDLIN:-215.49; BD_BLINCDST:-215.48; BD_BLINDLIN:-214.42; BD_BEXPDLIN:-214.19; BD_BEXPDEXP:-213.82; BD_BLINDEXP:-213.4; COAL_COALCST:1505.03; COAL_COALEXP:21206.57; COAL_COALLIN:21206.57; COAL_COALLOG:21208.57; COAL_COALSTEP:42763.87","BD_BCSTDCST > BD_BEXPCDST > BD_BCSTDEXP > BD_BCSTDLIN > BD_BLINCDST > BD_BLINDLIN > BD_BEXPDLIN > BD_BEXPDEXP > BD_BLINDEXP > COAL_COALCST > COAL_COALEXP > COAL_COALLIN > COAL_COALLOG > COAL_COALSTEP","BD_BCSTDCST:0; BD_BEXPCDST:2.05; BD_BCSTDEXP:2.06; BD_BCSTDLIN:2.45; BD_BLINCDST:2.46; BD_BLINDLIN:3.52; BD_BEXPDLIN:3.75; BD_BEXPDEXP:4.13; BD_BLINDEXP:4.54; COAL_COALCST:1722.98; COAL_COALEXP:21424.51; COAL_COALLIN:21424.51; COAL_COALLOG:21426.51; COAL_COALSTEP:42981.82",NA,NA,NA
"TF106002_treefam.fasta",277,3952,"LG+G4+F",-216365.9299,433873.8597,437460.8686,"ModelTest-NG",0.0541,0.0542,0.0515,0.0514,0.0487,0.04,0.0635,0.0749,0.0272,0.0476,0.0925,0.0485,0.0213,0.0309,0.0651,0.0681,0.0545,0.0115,0.0331,0.0614,0.95,0.9467,24.4306680161943,15.6567995857069,755832,0.480733561770464,3.21184259893596e-06,0.480730349927866,6.68112828883273e-06,NA,NA,NA,NA,428.664384127778,-851.240856167645,-851.240856167645,"RPANDA_BD_BEXPCDST","birth_death",277,48.8155,1,NA,NA,"BD_BEXPCDST:-851.24; BD_BEXPDEXP:-849.18; BD_BEXPDLIN:-847.81; BD_BCSTDLIN:-839.48; BD_BLINCDST:-839.22; BD_BCSTDEXP:-838.52; BD_BLINDLIN:-837.44; BD_BLINDEXP:-837.22; BD_BCSTDCST:-834.15; COAL_COALCST:1519.02; COAL_COALEXP:28311.46; COAL_COALLIN:28311.46; COAL_COALLOG:28313.46; COAL_COALSTEP:57578.84","BD_BEXPCDST > BD_BEXPDEXP > BD_BEXPDLIN > BD_BCSTDLIN > BD_BLINCDST > BD_BCSTDEXP > BD_BLINDLIN > BD_BLINDEXP > BD_BCSTDCST > COAL_COALCST > COAL_COALEXP > COAL_COALLIN > COAL_COALLOG > COAL_COALSTEP","BD_BEXPCDST:0; BD_BEXPDEXP:2.06; BD_BEXPDLIN:3.44; BD_BCSTDLIN:11.76; BD_BLINCDST:12.02; BD_BCSTDEXP:12.72; BD_BLINDLIN:13.8; BD_BLINDEXP:14.02; BD_BCSTDCST:17.09; COAL_COALCST:2370.26; COAL_COALEXP:29162.7; COAL_COALLIN:29162.7; COAL_COALLOG:29164.7; COAL_COALSTEP:58430.08",NA,NA,NA
"TF101003_treefam.fasta",108,721,"LG+G4",-15788.2876,32004.5752,32984.832,"ModelTest-NG",0.0791,0.0559,0.042,0.0531,0.0129,0.0408,0.0716,0.0573,0.0224,0.0622,0.0991,0.0646,0.023,0.0423,0.044,0.0612,0.0533,0.0121,0.0342,0.0691,0.9004,0,8.9126213592233,14.8235294117647,47628,6.8073171380131,3.81482898332196,2.99248815469114,0.560401242659809,NA,NA,NA,NA,61.1357146660329,-118.15714361778,-118.15714361778,"RPANDA_BD_BCSTDCST","birth_death",108,35.8945,1,NA,NA,"BD_BCSTDCST:-118.16; BD_BEXPCDST:-116.12; BD_BCSTDLIN:-116.1; BD_BLINCDST:-116.09; BD_BCSTDEXP:-116.09; BD_BEXPDLIN:-114.06; BD_BLINDLIN:-113.95; BD_BLINDEXP:-113.94; BD_BEXPDEXP:-112.8; COAL_COALCST:599.45; COAL_COALEXP:4697.62; COAL_COALLIN:4697.62; COAL_COALLOG:4699.62; COAL_COALSTEP:9578.31","BD_BCSTDCST > BD_BEXPCDST > BD_BCSTDLIN > BD_BLINCDST > BD_BCSTDEXP > BD_BEXPDLIN > BD_BLINDLIN > BD_BLINDEXP > BD_BEXPDEXP > COAL_COALCST > COAL_COALEXP > COAL_COALLIN > COAL_COALLOG > COAL_COALSTEP","BD_BCSTDCST:0; BD_BEXPCDST:2.04; BD_BCSTDLIN:2.06; BD_BLINCDST:2.06; BD_BCSTDEXP:2.07; BD_BEXPDLIN:4.1; BD_BLINDLIN:4.2; BD_BLINDEXP:4.22; BD_BEXPDEXP:5.35; COAL_COALCST:717.61; COAL_COALEXP:4815.78; COAL_COALLIN:4815.78; COAL_COALLOG:4817.78; COAL_COALSTEP:9696.47",NA,NA,NA
"TF105004_treefam.fasta",153,2334,"LG+G4+F",-85920.2166,172486.4333,174345.4077,"ModelTest-NG",0.0761,0.06,0.0368,0.0509,0.0084,0.0376,0.0767,0.0931,0.0136,0.0488,0.0942,0.0722,0.0233,0.0493,0.0482,0.057,0.051,0.0099,0.0242,0.0689,0.6578,0.6685,17.8226221079692,11.6914274724746,243170,28.8645359637654,-27.1094039006685,55.973939864434,-0.939194170129734,NA,NA,NA,NA,244.593437390971,-485.106874781942,-485.106874781942,"RPANDA_BD_BCSTDCST","birth_death",153,40.1453,1,NA,NA,"BD_BCSTDCST:-485.11; BD_BCSTDEXP:-483.09; BD_BLINCDST:-482.96; BD_BCSTDLIN:-482.96; BD_BEXPDLIN:-482.81; BD_BEXPDEXP:-481.02; BD_BLINDLIN:-480.86; BD_BLINDEXP:-480.83; BD_BEXPCDST:-473.69; COAL_COALCST:600.2; COAL_COALEXP:6335.22; COAL_COALLIN:6335.22; COAL_COALLOG:6337.22; COAL_COALSTEP:13178.01","BD_BCSTDCST > BD_BCSTDEXP > BD_BLINCDST > BD_BCSTDLIN > BD_BEXPDLIN > BD_BEXPDEXP > BD_BLINDLIN > BD_BLINDEXP > BD_BEXPCDST > COAL_COALCST > COAL_COALEXP > COAL_COALLIN > COAL_COALLOG > COAL_COALSTEP","BD_BCSTDCST:0; BD_BCSTDEXP:2.02; BD_BLINCDST:2.15; BD_BCSTDLIN:2.15; BD_BEXPDLIN:2.3; BD_BEXPDEXP:4.08; BD_BLINDLIN:4.25; BD_BLINDEXP:4.27; BD_BEXPCDST:11.42; COAL_COALCST:1085.31; COAL_COALEXP:6820.33; COAL_COALLIN:6820.33; COAL_COALLOG:6822.33; COAL_COALSTEP:13663.11",NA,NA,NA
"TF102001_treefam.fasta",34,577,"LG+G4",-7860.7778,15777.5549,16141.1733,"ModelTest-NG",0.0791,0.0559,0.042,0.0531,0.0129,0.0408,0.0716,0.0573,0.0224,0.0622,0.0991,0.0646,0.023,0.0423,0.044,0.0612,0.0533,0.0121,0.0342,0.0691,1.9413,0,2.78682842287695,14.4452736318408,11614,8.42542904430179,-0.594089092291417,9.01951813659321,-0.0705114349865905,NA,NA,NA,NA,-1.85997458561287,10.5199491712257,10.5199491712257,"RPANDA_BD_BLINCDST","birth_death",34,10.3791,1,NA,NA,"BD_BLINCDST:10.52; BD_BLINDLIN:10.61; BD_BLINDEXP:13.16; BD_BEXPCDST:14.5; BD_BEXPDLIN:16.88; BD_BEXPDEXP:17.08; BD_BCSTDCST:19.79; BD_BCSTDEXP:22.2; BD_BCSTDLIN:22.25; COAL_COALCST:187.82; COAL_COALEXP:688.48; COAL_COALLIN:688.48; COAL_COALLOG:690.48; COAL_COALSTEP:1381.36","BD_BLINCDST > BD_BLINDLIN > BD_BLINDEXP > BD_BEXPCDST > BD_BEXPDLIN > BD_BEXPDEXP > BD_BCSTDCST > BD_BCSTDEXP > BD_BCSTDLIN > COAL_COALCST > COAL_COALEXP > COAL_COALLIN > COAL_COALLOG > COAL_COALSTEP","BD_BLINCDST:0; BD_BLINDLIN:0.09; BD_BLINDEXP:2.64; BD_BEXPCDST:3.98; BD_BEXPDLIN:6.36; BD_BEXPDEXP:6.56; BD_BCSTDCST:9.27; BD_BCSTDEXP:11.68; BD_BCSTDLIN:11.73; COAL_COALCST:177.3; COAL_COALEXP:677.96; COAL_COALLIN:677.96; COAL_COALLOG:679.96; COAL_COALSTEP:1370.84",NA,NA,NA
"TF103008_treefam.fasta",99,483,"LG+G4",-11977.7755,24347.551,25166.8343,"ModelTest-NG",0.0791,0.0559,0.042,0.0531,0.0129,0.0408,0.0716,0.0573,0.0224,0.0622,0.0991,0.0646,0.023,0.0423,0.044,0.0612,0.0533,0.0121,0.0342,0.0691,1.146,0,6.63354037267081,20.9737827715356,33600,7.04168422771452,-38.1259187966069,45.1676030243214,-5.414318160782,NA,NA,NA,NA,81.9056401575624,-157.558648736177,-157.558648736177,"RPANDA_BD_BCSTDEXP","birth_death",99,100034.4813,1.00000100012029,NA,NA,"BD_BCSTDEXP:-157.56; BD_BLINCDST:-157.16; BD_BCSTDLIN:-157.06; BD_BEXPDEXP:-157.06; BD_BEXPCDST:-156.26; BD_BLINDEXP:-155.76; BD_BCSTDCST:-155.32; BD_BEXPDLIN:-154.98; BD_BLINDLIN:-154.95; COAL_COALCST:489.59; COAL_COALEXP:4049.95; COAL_COALLIN:4049.95; COAL_COALLOG:4051.95; COAL_COALSTEP:8318.22","BD_BCSTDEXP > BD_BLINCDST > BD_BCSTDLIN > BD_BEXPDEXP > BD_BEXPCDST > BD_BLINDEXP > BD_BCSTDCST > BD_BEXPDLIN > BD_BLINDLIN > COAL_COALCST > COAL_COALEXP > COAL_COALLIN > COAL_COALLOG > COAL_COALSTEP","BD_BCSTDEXP:0; BD_BLINCDST:0.4; BD_BCSTDLIN:0.5; BD_BEXPDEXP:0.5; BD_BEXPCDST:1.3; BD_BLINDEXP:1.8; BD_BCSTDCST:2.24; BD_BEXPDLIN:2.58; BD_BLINDLIN:2.61; COAL_COALCST:647.15; COAL_COALEXP:4207.51; COAL_COALLIN:4207.51; COAL_COALLOG:4209.51; COAL_COALSTEP:8475.78",NA,NA,NA
"TF101010_treefam.fasta",107,1611,"LG+I+G4+F",-39807.6722,80079.3444,81328.574,"ModelTest-NG",0.0614,0.0374,0.0262,0.041,0.0173,0.0701,0.0506,0.0511,0.0304,0.0386,0.0756,0.0617,0.0268,0.0359,0.1514,0.0636,0.0535,0.0152,0.0373,0.0548,0.7933,0.7933,10.7436374922408,14.1568061012249,122513,13.1909999201718,-10.4845456081051,23.6755455282769,-0.794825689603113,NA,NA,NA,NA,106.965624833978,-209.815865052572,-209.815865052572,"RPANDA_BD_BCSTDCST","birth_death",107,30.9383,1.00000100000001,NA,NA,"BD_BCSTDCST:-209.82; BD_BCSTDEXP:-208.03; BD_BEXPCDST:-207.97; BD_BLINCDST:-207.79; BD_BCSTDLIN:-207.77; BD_BLINDLIN:-207.48; BD_BLINDEXP:-206.96; BD_BEXPDEXP:-206.66; BD_BEXPDLIN:-205.62; COAL_COALCST:483.46; COAL_COALEXP:3909.54; COAL_COALLIN:3909.54; COAL_COALLOG:3911.54; COAL_COALSTEP:8080.48","BD_BCSTDCST > BD_BCSTDEXP > BD_BEXPCDST > BD_BLINCDST > BD_BCSTDLIN > BD_BLINDLIN > BD_BLINDEXP > BD_BEXPDEXP > BD_BEXPDLIN > COAL_COALCST > COAL_COALEXP > COAL_COALLIN > COAL_COALLOG > COAL_COALSTEP","BD_BCSTDCST:0; BD_BCSTDEXP:1.78; BD_BEXPCDST:1.85; BD_BLINCDST:2.03; BD_BCSTDLIN:2.04; BD_BLINDLIN:2.33; BD_BLINDEXP:2.85; BD_BEXPDEXP:3.16; BD_BEXPDLIN:4.2; COAL_COALCST:693.27; COAL_COALEXP:4119.36; COAL_COALLIN:4119.36; COAL_COALLOG:4121.36; COAL_COALSTEP:8290.29",NA,NA,NA
"TF101007_treefam.fasta",256,1237,"LG+G4+F",-60941.9777,122941.9554,125650.6705,"ModelTest-NG",0.0702,0.0535,0.0306,0.0419,0.0348,0.047,0.0714,0.0367,0.0299,0.0482,0.1362,0.0595,0.0224,0.0398,0.0504,0.0874,0.048,0.0109,0.0228,0.0583,1.3066,1.2595,17.9789814066289,20.5536870503597,228557,7.03847305292867,-1.83873152793095,8.87720458085962,-0.261240117580028,NA,NA,NA,NA,206.355881185844,-408.664331541649,-408.664331541649,"RPANDA_BD_BCSTDCST","birth_death",256,100049.9781,1.00000100096413,NA,NA,"BD_BCSTDCST:-408.66; BD_BEXPCDST:-407.94; BD_BCSTDEXP:-407.88; BD_BCSTDLIN:-407.37; BD_BLINCDST:-407.35; BD_BEXPDEXP:-405.87; BD_BLINDEXP:-405.64; BD_BEXPDLIN:-405.32; BD_BLINDLIN:-405.31; COAL_COALCST:1782.04; COAL_COALEXP:30149.51; COAL_COALLIN:30149.51; COAL_COALLOG:30151.51; COAL_COALSTEP:60867.86","BD_BCSTDCST > BD_BEXPCDST > BD_BCSTDEXP > BD_BCSTDLIN > BD_BLINCDST > BD_BEXPDEXP > BD_BLINDEXP > BD_BEXPDLIN > BD_BLINDLIN > COAL_COALCST > COAL_COALEXP > COAL_COALLIN > COAL_COALLOG > COAL_COALSTEP","BD_BCSTDCST:0; BD_BEXPCDST:0.73; BD_BCSTDEXP:0.79; BD_BCSTDLIN:1.29; BD_BLINCDST:1.32; BD_BEXPDEXP:2.79; BD_BLINDEXP:3.02; BD_BEXPDLIN:3.35; BD_BLINDLIN:3.35; COAL_COALCST:2190.7; COAL_COALEXP:30558.17; COAL_COALLIN:30558.17; COAL_COALLOG:30560.17; COAL_COALSTEP:61276.52",NA,NA,NA
"TF106001_treefam.fasta",172,1590,"LG+G4+F",-58013.5409,116749.0818,118688.1895,"ModelTest-NG",0.0823,0.0685,0.0307,0.0627,0.0216,0.0463,0.0854,0.0498,0.0241,0.0308,0.0791,0.0579,0.0126,0.0274,0.0885,0.1098,0.0428,0.0087,0.0204,0.0508,0.7786,0.8071,18.3106918238994,14.0310503537817,204250,164.219963992439,-157.600246658837,321.820210651276,-0.95968993554336,NA,NA,NA,NA,126.178725277098,-244.117929596112,-244.117929596112,"RPANDA_BD_BLINDLIN","birth_death",172,39.4245,1.00000100000001,NA,NA,"BD_BLINDLIN:-244.12; BD_BCSTDCST:-233.86; BD_BEXPCDST:-231.83; BD_BCSTDEXP:-231.79; BD_BCSTDLIN:-231.56; BD_BEXPDLIN:-231.36; BD_BLINCDST:-231.28; BD_BEXPDEXP:-229.73; BD_BLINDEXP:-229.18; COAL_COALCST:1134.73; COAL_COALEXP:15089.17; COAL_COALLIN:15089.17; COAL_COALLOG:15091.17; COAL_COALSTEP:30522.62","BD_BLINDLIN > BD_BCSTDCST > BD_BEXPCDST > BD_BCSTDEXP > BD_BCSTDLIN > BD_BEXPDLIN > BD_BLINCDST > BD_BEXPDEXP > BD_BLINDEXP > COAL_COALCST > COAL_COALEXP > COAL_COALLIN > COAL_COALLOG > COAL_COALSTEP","BD_BLINDLIN:0; BD_BCSTDCST:10.25; BD_BEXPCDST:12.29; BD_BCSTDEXP:12.33; BD_BCSTDLIN:12.56; BD_BEXPDLIN:12.76; BD_BLINCDST:12.84; BD_BEXPDEXP:14.38; BD_BLINDEXP:14.93; COAL_COALCST:1378.84; COAL_COALEXP:15333.29; COAL_COALLIN:15333.29; COAL_COALLOG:15335.29; COAL_COALSTEP:30766.74",NA,NA,NA
"TF105007_treefam.fasta",136,754,"LG+G4+F",-22243.4143,45064.8287,46401.5671,"ModelTest-NG",0.0576,0.0583,0.0293,0.0504,0.0315,0.0391,0.0681,0.0567,0.0172,0.0354,0.1269,0.0487,0.0163,0.0368,0.0547,0.1292,0.0542,0.01,0.0184,0.0612,0.9148,0.9724,13.0875331564987,14.6278881232266,72174,7.44248563626636,-3.13508802640817,10.5775736626745,-0.421242066109105,NA,NA,NA,NA,103.47720289975,-202.86418023559,-202.86418023559,"RPANDA_BD_BCSTDCST","birth_death",136,22.7599,1,NA,NA,"BD_BCSTDCST:-202.86; BD_BEXPCDST:-202.58; BD_BCSTDLIN:-202.41; BD_BLINCDST:-202.4; BD_BCSTDEXP:-202.4; BD_BEXPDEXP:-200.46; BD_BEXPDLIN:-200.33; BD_BLINDLIN:-200.3; BD_BLINDEXP:-200.28; COAL_COALCST:774.95; COAL_COALEXP:7921.78; COAL_COALLIN:7921.78; COAL_COALLOG:7923.78; COAL_COALSTEP:16131.6","BD_BCSTDCST > BD_BEXPCDST > BD_BCSTDLIN > BD_BLINCDST > BD_BCSTDEXP > BD_BEXPDEXP > BD_BEXPDLIN > BD_BLINDLIN > BD_BLINDEXP > COAL_COALCST > COAL_COALEXP > COAL_COALLIN > COAL_COALLOG > COAL_COALSTEP","BD_BCSTDCST:0; BD_BEXPCDST:0.28; BD_BCSTDLIN:0.45; BD_BLINCDST:0.46; BD_BCSTDEXP:0.46; BD_BEXPDEXP:2.41; BD_BEXPDLIN:2.53; BD_BLINDLIN:2.56; BD_BLINDEXP:2.58; COAL_COALCST:977.81; COAL_COALEXP:8124.65; COAL_COALLIN:8124.65; COAL_COALLOG:8126.65; COAL_COALSTEP:16334.46",NA,NA,NA
"TF105010_treefam.fasta",98,2284,"LG+I+G4+F",-98876.0803,198180.1606,199407.1689,"ModelTest-NG",0.068,0.0447,0.0467,0.0861,0.0102,0.0422,0.0886,0.0496,0.0228,0.0375,0.1005,0.1064,0.0217,0.0446,0.0333,0.0692,0.0412,0.0072,0.0242,0.0554,0.95,0.95,11.3231173380035,9.71866058309489,125672,196.409781154435,179.734910616811,16.6748705376232,0.915101628647955,NA,NA,NA,NA,211.899878394867,-417.544437640799,-417.544437640799,"RPANDA_BD_BLINCDST","birth_death",98,100028.2075,1.000001,NA,NA,"BD_BLINCDST:-417.54; BD_BCSTDLIN:-417.54; BD_BEXPCDST:-416.69; BD_BCSTDEXP:-416.01; BD_BEXPDLIN:-415.63; BD_BLINDLIN:-415.37; BD_BLINDEXP:-409.78; BD_BEXPDEXP:-408.82; BD_BCSTDCST:-365.52; COAL_COALCST:317.11; COAL_COALEXP:1481.9; COAL_COALLIN:1481.9; COAL_COALLOG:1483.9; COAL_COALSTEP:3179.02","BD_BLINCDST > BD_BCSTDLIN > BD_BEXPCDST > BD_BCSTDEXP > BD_BEXPDLIN > BD_BLINDLIN > BD_BLINDEXP > BD_BEXPDEXP > BD_BCSTDCST > COAL_COALCST > COAL_COALEXP > COAL_COALLIN > COAL_COALLOG > COAL_COALSTEP","BD_BLINCDST:0; BD_BCSTDLIN:0; BD_BEXPCDST:0.85; BD_BCSTDEXP:1.53; BD_BEXPDLIN:1.91; BD_BLINDLIN:2.17; BD_BLINDEXP:7.77; BD_BEXPDEXP:8.73; BD_BCSTDCST:52.02; COAL_COALCST:734.66; COAL_COALEXP:1899.44; COAL_COALLIN:1899.44; COAL_COALLOG:1901.44; COAL_COALSTEP:3596.56",NA,NA,NA
"TF102002_treefam.fasta",58,282,"LG+G4",-5123.5798,10475.1596,10890.337,"ModelTest-NG",0.0791,0.0559,0.042,0.0531,0.0129,0.0408,0.0716,0.0573,0.0224,0.0622,0.0991,0.0646,0.023,0.0423,0.044,0.0612,0.0533,0.0121,0.0342,0.0691,3.3681,0,4.4822695035461,5.44462025316456,3441,71.5421156329658,73.632542036488,-2.09042640352219,1.02921952174642,NA,NA,NA,NA,30.8372103821769,-52.9197037832217,-52.9197037832217,"RPANDA_BD_BLINDLIN","birth_death",58,6.3679,1.00000100000002,NA,NA,"BD_BLINDLIN:-52.92; BD_BEXPDLIN:-38.51; BD_BCSTDCST:-37.61; BD_BCSTDEXP:-36.39; BD_BCSTDLIN:-36.33; BD_BEXPCDST:-35.39; BD_BLINCDST:-35.26; BD_BEXPDEXP:-33.08; BD_BLINDEXP:-32.95; COAL_COALCST:296.72; COAL_COALEXP:1688.96; COAL_COALLIN:1688.96; COAL_COALLOG:1690.96; COAL_COALSTEP:3455.49","BD_BLINDLIN > BD_BEXPDLIN > BD_BCSTDCST > BD_BCSTDEXP > BD_BCSTDLIN > BD_BEXPCDST > BD_BLINCDST > BD_BEXPDEXP > BD_BLINDEXP > COAL_COALCST > COAL_COALEXP > COAL_COALLIN > COAL_COALLOG > COAL_COALSTEP","BD_BLINDLIN:0; BD_BEXPDLIN:14.41; BD_BCSTDCST:15.31; BD_BCSTDEXP:16.53; BD_BCSTDLIN:16.59; BD_BEXPCDST:17.53; BD_BLINCDST:17.66; BD_BEXPDEXP:19.84; BD_BLINDEXP:19.97; COAL_COALCST:349.64; COAL_COALEXP:1741.88; COAL_COALLIN:1741.88; COAL_COALLOG:1743.88; COAL_COALSTEP:3508.41",NA,NA,NA
"TF101004_treefam.fasta",213,966,"LG+G4",-45530.5072,91883.8173,93975.236,"ModelTest-NG",0.0791,0.0559,0.042,0.0531,0.0129,0.0408,0.0716,0.0573,0.0224,0.0622,0.0991,0.0646,0.023,0.0423,0.044,0.0612,0.0533,0.0121,0.0342,0.0691,1.1696,1.1884,15.1635610766046,19.7790824685964,144862,7.61549910145289,3.77471403373873,3.84078506771416,0.4956620680342,NA,NA,NA,NA,153.763342336094,-303.469541815045,-303.469541815045,"RPANDA_BD_BCSTDCST","birth_death",213,47.9692,1.00000100000002,NA,NA,"BD_BCSTDCST:-303.47; BD_BCSTDEXP:-301.7; BD_BEXPCDST:-301.7; BD_BCSTDLIN:-301.4; BD_BLINCDST:-301.38; BD_BLINDLIN:-299.62; BD_BEXPDEXP:-299.62; BD_BEXPDLIN:-299.34; BD_BLINDEXP:-299.33; COAL_COALCST:1416.57; COAL_COALEXP:19348.44; COAL_COALLIN:19348.44; COAL_COALLOG:19350.44; COAL_COALSTEP:39127.82","BD_BCSTDCST > BD_BCSTDEXP > BD_BEXPCDST > BD_BCSTDLIN > BD_BLINCDST > BD_BLINDLIN > BD_BEXPDEXP > BD_BEXPDLIN > BD_BLINDEXP > COAL_COALCST > COAL_COALEXP > COAL_COALLIN > COAL_COALLOG > COAL_COALSTEP","BD_BCSTDCST:0; BD_BCSTDEXP:1.77; BD_BEXPCDST:1.77; BD_BCSTDLIN:2.07; BD_BLINCDST:2.09; BD_BLINDLIN:3.85; BD_BEXPDEXP:3.85; BD_BEXPDLIN:4.13; BD_BLINDEXP:4.14; COAL_COALCST:1720.04; COAL_COALEXP:19651.91; COAL_COALLIN:19651.91; COAL_COALLOG:19653.91; COAL_COALSTEP:39431.29",NA,NA,NA
"TF105003_treefam.fasta",100,2069,"LG+G4",-61785.5412,123967.0825,125082.777,"ModelTest-NG",0.0791,0.0559,0.042,0.0531,0.0129,0.0408,0.0716,0.0573,0.0224,0.0622,0.0991,0.0646,0.023,0.0423,0.044,0.0612,0.0533,0.0121,0.0342,0.0691,0.5869,0.6212,7.27211213146448,17.7310913199521,133391,161.381900826656,151.881214175758,9.5006866508983,0.941129168746728,NA,NA,NA,NA,43.1379123727632,-77.8547721139475,-77.8547721139475,"RPANDA_BD_BLINDLIN","birth_death",100,31.4356,1.00000100000001,NA,NA,"BD_BLINDLIN:-77.85; BD_BCSTDCST:-72.9; BD_BEXPCDST:-70.83; BD_BCSTDEXP:-70.81; BD_BCSTDLIN:-70.75; BD_BLINCDST:-70.69; BD_BEXPDLIN:-69.42; BD_BEXPDEXP:-68.66; BD_BLINDEXP:-68.52; COAL_COALCST:598.42; COAL_COALEXP:4692.64; COAL_COALLIN:4692.64; COAL_COALLOG:4694.64; COAL_COALSTEP:9523.86","BD_BLINDLIN > BD_BCSTDCST > BD_BEXPCDST > BD_BCSTDEXP > BD_BCSTDLIN > BD_BLINCDST > BD_BEXPDLIN > BD_BEXPDEXP > BD_BLINDEXP > COAL_COALCST > COAL_COALEXP > COAL_COALLIN > COAL_COALLOG > COAL_COALSTEP","BD_BLINDLIN:0; BD_BCSTDCST:4.96; BD_BEXPCDST:7.03; BD_BCSTDEXP:7.04; BD_BCSTDLIN:7.11; BD_BLINCDST:7.16; BD_BEXPDLIN:8.44; BD_BEXPDEXP:9.2; BD_BLINDEXP:9.33; COAL_COALCST:676.27; COAL_COALEXP:4770.49; COAL_COALLIN:4770.49; COAL_COALLOG:4772.49; COAL_COALSTEP:9601.71",NA,NA,NA
"TF105002_treefam.fasta",104,1522,"LG+G4",-25446.0075,51304.015,52401.5378,"ModelTest-NG",0.0791,0.0559,0.042,0.0531,0.0129,0.0408,0.0716,0.0573,0.0224,0.0622,0.0991,0.0646,0.023,0.0423,0.044,0.0612,0.0533,0.0121,0.0342,0.0691,0.687,0.698,4.27858081471748,40.4591523341523,131735,18.7163105337285,17.3177758248836,1.39853470884488,0.925277222435234,NA,NA,NA,NA,114.066345817278,-224.013879753367,-224.013879753367,"RPANDA_BD_BCSTDCST","birth_death",104,100026.1624,1.00000100000011,NA,NA,"BD_BCSTDCST:-224.01; BD_BCSTDLIN:-223.31; BD_BLINCDST:-223.3; BD_BCSTDEXP:-223.24; BD_BEXPCDST:-223.17; BD_BEXPDEXP:-221.74; BD_BLINDEXP:-221.66; BD_BLINDLIN:-221.18; BD_BEXPDLIN:-221.14; COAL_COALCST:433.31; COAL_COALEXP:3058.52; COAL_COALLIN:3058.52; COAL_COALLOG:3060.52; COAL_COALSTEP:6367.27","BD_BCSTDCST > BD_BCSTDLIN > BD_BLINCDST > BD_BCSTDEXP > BD_BEXPCDST > BD_BEXPDEXP > BD_BLINDEXP > BD_BLINDLIN > BD_BEXPDLIN > COAL_COALCST > COAL_COALEXP > COAL_COALLIN > COAL_COALLOG > COAL_COALSTEP","BD_BCSTDCST:0; BD_BCSTDLIN:0.71; BD_BLINCDST:0.72; BD_BCSTDEXP:0.78; BD_BEXPCDST:0.85; BD_BEXPDEXP:2.28; BD_BLINDEXP:2.35; BD_BLINDLIN:2.83; BD_BEXPDLIN:2.87; COAL_COALCST:657.32; COAL_COALEXP:3282.54; COAL_COALLIN:3282.54; COAL_COALLOG:3284.54; COAL_COALSTEP:6591.29",NA,NA,NA
"TF101005_treefam.fasta",160,1834,"LG+G4+F",-58665.4294,118004.8587,119863.1626,"ModelTest-NG",0.0672,0.0462,0.0345,0.0572,0.0231,0.0516,0.0723,0.0333,0.0261,0.0554,0.1044,0.0599,0.0287,0.0358,0.0595,0.0836,0.051,0.0177,0.0314,0.0609,0.9025,0.9537,11.8233369683751,20.800498063088,225519,607.554956221209,-604.368798447127,1211.92375466834,-0.994755770253445,NA,NA,NA,NA,191.773855065497,-375.289645614864,-375.289645614864,"RPANDA_BD_BLINDLIN","birth_death",160,42.3525,1.00000100000003,NA,NA,"BD_BLINDLIN:-375.29; BD_BCSTDLIN:-357.63; BD_BEXPDLIN:-357.14; BD_BLINCDST:-356.48; BD_BEXPCDST:-356.18; BD_BCSTDEXP:-355.54; BD_BLINDEXP:-354.39; BD_BEXPDEXP:-354.07; BD_BCSTDCST:-348.96; COAL_COALCST:854.29; COAL_COALEXP:10904.6; COAL_COALLIN:10904.6; COAL_COALLOG:10906.6; COAL_COALSTEP:22256.86","BD_BLINDLIN > BD_BCSTDLIN > BD_BEXPDLIN > BD_BLINCDST > BD_BEXPCDST > BD_BCSTDEXP > BD_BLINDEXP > BD_BEXPDEXP > BD_BCSTDCST > COAL_COALCST > COAL_COALEXP > COAL_COALLIN > COAL_COALLOG > COAL_COALSTEP","BD_BLINDLIN:0; BD_BCSTDLIN:17.66; BD_BEXPDLIN:18.15; BD_BLINCDST:18.81; BD_BEXPCDST:19.11; BD_BCSTDEXP:19.75; BD_BLINDEXP:20.9; BD_BEXPDEXP:21.22; BD_BCSTDCST:26.33; COAL_COALCST:1229.58; COAL_COALEXP:11279.89; COAL_COALLIN:11279.89; COAL_COALLOG:11281.89; COAL_COALSTEP:22632.15",NA,NA,NA
"TF102003_treefam.fasta",516,791,"LG+G4",-50205.3419,102470.6837,107284.1806,"ModelTest-NG",0.0791,0.0559,0.042,0.0531,0.0129,0.0408,0.0716,0.0573,0.0224,0.0622,0.0991,0.0646,0.023,0.0423,0.044,0.0612,0.0533,0.0121,0.0342,0.0691,1,1.0166,60.7079646017699,11.801957517701,283365,3.80841171025526,-1.17632979029852e-05,3.80842347355316,-3.08876739122219e-06,NA,NA,NA,NA,484.452052719207,-962.857230438414,-962.857230438414,"RPANDA_BD_BEXPCDST","birth_death",516,100144.2086,1.00000100246656,NA,NA,"BD_BEXPCDST:-962.86; BD_BCSTDEXP:-962.07; BD_BCSTDCST:-961.67; BD_BCSTDLIN:-961.48; BD_BLINCDST:-961.23; BD_BEXPDEXP:-960.83; BD_BEXPDLIN:-960.73; BD_BLINDLIN:-959.45; BD_BLINDEXP:-959.2; COAL_COALCST:4196.03; COAL_COALEXP:125335.64; COAL_COALLIN:125335.64; COAL_COALLOG:125337.64; COAL_COALSTEP:251951.98","BD_BEXPCDST > BD_BCSTDEXP > BD_BCSTDCST > BD_BCSTDLIN > BD_BLINCDST > BD_BEXPDEXP > BD_BEXPDLIN > BD_BLINDLIN > BD_BLINDEXP > COAL_COALCST > COAL_COALEXP > COAL_COALLIN > COAL_COALLOG > COAL_COALSTEP","BD_BEXPCDST:0; BD_BCSTDEXP:0.78; BD_BCSTDCST:1.19; BD_BCSTDLIN:1.38; BD_BLINCDST:1.62; BD_BEXPDEXP:2.03; BD_BEXPDLIN:2.13; BD_BLINDLIN:3.4; BD_BLINDEXP:3.66; COAL_COALCST:5158.89; COAL_COALEXP:126298.5; COAL_COALLIN:126298.5; COAL_COALLOG:126300.5; COAL_COALSTEP:252914.84",NA,NA,NA
"TF101001_treefam.fasta",320,3934,"LG+G4+F",-175399.4937,352112.9874,356237.2471,"ModelTest-NG",0.0767,0.0436,0.0403,0.0475,0.0131,0.045,0.0765,0.0319,0.0218,0.0506,0.1099,0.0885,0.032,0.0323,0.0527,0.072,0.0611,0.0062,0.0334,0.0649,1.2511,1.2517,10.6288764616167,52.7053140096618,1101910,15.5268550095211,8.8469102159101,6.67994479361098,0.56978120878215,NA,NA,NA,NA,266.185501209584,-526.295053052079,-526.295053052079,"RPANDA_BD_BEXPCDST","birth_death",320,200080.762,1.000001,NA,NA,"BD_BEXPCDST:-526.3; BD_BCSTDCST:-526.16; BD_BCSTDEXP:-525.96; BD_BCSTDLIN:-525.9; BD_BLINCDST:-525.86; BD_BEXPDEXP:-524.82; BD_BEXPDLIN:-523.97; BD_BLINDLIN:-523.88; BD_BLINDEXP:-523.81; COAL_COALCST:2295.4; COAL_COALEXP:41026.9; COAL_COALLIN:41026.9; COAL_COALLOG:41028.9; COAL_COALSTEP:82751.26","BD_BEXPCDST > BD_BCSTDCST > BD_BCSTDEXP > BD_BCSTDLIN > BD_BLINCDST > BD_BEXPDEXP > BD_BEXPDLIN > BD_BLINDLIN > BD_BLINDEXP > COAL_COALCST > COAL_COALEXP > COAL_COALLIN > COAL_COALLOG > COAL_COALSTEP","BD_BEXPCDST:0; BD_BCSTDCST:0.14; BD_BCSTDEXP:0.33; BD_BCSTDLIN:0.39; BD_BLINCDST:0.43; BD_BEXPDEXP:1.47; BD_BEXPDLIN:2.32; BD_BLINDLIN:2.41; BD_BLINDEXP:2.48; COAL_COALCST:2821.69; COAL_COALEXP:41553.2; COAL_COALLIN:41553.2; COAL_COALLOG:41555.2; COAL_COALSTEP:83277.56",NA,NA,NA
"TF105006_treefam.fasta",52,475,"LG+G4",-7077.5748,14357.1346,14783.8077,"ModelTest-NG",0.0791,0.0559,0.042,0.0531,0.0129,0.0408,0.0716,0.0573,0.0224,0.0622,0.0991,0.0646,0.023,0.0423,0.044,0.0612,0.0533,0.0121,0.0342,0.0691,1.2971,0,3.45263157894737,18.4646341463415,15141,29.4574103707535,-30.7235028332374,60.1809132039909,-1.04298044011842,NA,NA,NA,NA,14.9111021322864,-20.9711404347856,-20.9711404347856,"RPANDA_BD_BLINDLIN","birth_death",52,10.4264,1,NA,NA,"BD_BLINDLIN:-20.97; BD_BLINDEXP:-18.79; BD_BLINCDST:-11.38; BD_BEXPCDST:-8.38; BD_BEXPDLIN:-7.98; BD_BCSTDCST:-7.17; BD_BEXPDEXP:-6.03; BD_BCSTDEXP:-4.92; BD_BCSTDLIN:-4.78; COAL_COALCST:292.02; COAL_COALEXP:1539.31; COAL_COALLIN:1539.31; COAL_COALLOG:1541.31; COAL_COALSTEP:3121.59","BD_BLINDLIN > BD_BLINDEXP > BD_BLINCDST > BD_BEXPCDST > BD_BEXPDLIN > BD_BCSTDCST > BD_BEXPDEXP > BD_BCSTDEXP > BD_BCSTDLIN > COAL_COALCST > COAL_COALEXP > COAL_COALLIN > COAL_COALLOG > COAL_COALSTEP","BD_BLINDLIN:0; BD_BLINDEXP:2.18; BD_BLINCDST:9.59; BD_BEXPCDST:12.59; BD_BEXPDLIN:12.99; BD_BCSTDCST:13.8; BD_BEXPDEXP:14.94; BD_BCSTDEXP:16.05; BD_BCSTDLIN:16.19; COAL_COALCST:312.99; COAL_COALEXP:1560.29; COAL_COALLIN:1560.29; COAL_COALLOG:1562.29; COAL_COALSTEP:3142.56",NA,NA,NA
"TF101006_treefam.fasta",57,1030,"LG+I+G4+F",-29401.2576,59066.5153,59718.2407,"ModelTest-NG",0.0731,0.065,0.0241,0.0491,0.0381,0.0416,0.0732,0.0532,0.0279,0.0327,0.1185,0.048,0.0147,0.0329,0.0501,0.1021,0.0485,0.0157,0.0263,0.0652,0.7968,0.7968,6.03883495145631,5.15273311897106,16025,127.812926025416,123.895709053769,3.91721697164769,0.969351949810861,NA,NA,NA,NA,24.0143712664183,-39.2595117636059,-39.2595117636059,"RPANDA_BD_BLINDLIN","birth_death",57,19.6654,1.00000100000001,NA,NA,"BD_BLINDLIN:-39.26; BD_BCSTDCST:-30.94; BD_BEXPDLIN:-30.89; BD_BCSTDLIN:-29.56; BD_BEXPCDST:-29.21; BD_BLINCDST:-29.17; BD_BCSTDEXP:-29.11; BD_BEXPDEXP:-26.89; BD_BLINDEXP:-26.85; COAL_COALCST:283.63; COAL_COALEXP:1453.56; COAL_COALLIN:1453.56; COAL_COALLOG:1455.56; COAL_COALSTEP:2977.29","BD_BLINDLIN > BD_BCSTDCST > BD_BEXPDLIN > BD_BCSTDLIN > BD_BEXPCDST > BD_BLINCDST > BD_BCSTDEXP > BD_BEXPDEXP > BD_BLINDEXP > COAL_COALCST > COAL_COALEXP > COAL_COALLIN > COAL_COALLOG > COAL_COALSTEP","BD_BLINDLIN:0; BD_BCSTDCST:8.31; BD_BEXPDLIN:8.37; BD_BCSTDLIN:9.7; BD_BEXPCDST:10.05; BD_BLINCDST:10.09; BD_BCSTDEXP:10.15; BD_BEXPDEXP:12.37; BD_BLINDEXP:12.41; COAL_COALCST:322.89; COAL_COALEXP:1492.82; COAL_COALLIN:1492.82; COAL_COALLOG:1494.82; COAL_COALSTEP:3016.55",NA,NA,NA
"TF103009_treefam.fasta",84,1160,"LG+G4",-15688.8253,31678.4213,32548.9758,"ModelTest-NG",0.0791,0.0559,0.042,0.0531,0.0129,0.0408,0.0716,0.0573,0.0224,0.0622,0.0991,0.0646,0.023,0.0423,0.044,0.0612,0.0533,0.0121,0.0342,0.0691,1,0,2.69137931034483,54.4375400384369,84977,6.25532623186356,3.41664391806248,2.83868231380109,0.546197558915261,NA,NA,NA,NA,40.3345835963434,-76.5210190445386,-76.5210190445386,"RPANDA_BD_BCSTDCST","birth_death",84,24.8359,1.000001,NA,NA,"BD_BCSTDCST:-76.52; BD_BCSTDEXP:-74.89; BD_BEXPCDST:-74.74; BD_BCSTDLIN:-74.72; BD_BLINCDST:-74.69; BD_BLINDEXP:-73.44; BD_BEXPDEXP:-73.36; BD_BLINDLIN:-72.87; BD_BEXPDLIN:-72.51; COAL_COALCST:438.83; COAL_COALEXP:2832.53; COAL_COALLIN:2832.53; COAL_COALLOG:2834.53; COAL_COALSTEP:5793.75","BD_BCSTDCST > BD_BCSTDEXP > BD_BEXPCDST > BD_BCSTDLIN > BD_BLINCDST > BD_BLINDEXP > BD_BEXPDEXP > BD_BLINDLIN > BD_BEXPDLIN > COAL_COALCST > COAL_COALEXP > COAL_COALLIN > COAL_COALLOG > COAL_COALSTEP","BD_BCSTDCST:0; BD_BCSTDEXP:1.63; BD_BEXPCDST:1.78; BD_BCSTDLIN:1.8; BD_BLINCDST:1.83; BD_BLINDEXP:3.08; BD_BEXPDEXP:3.16; BD_BLINDLIN:3.65; BD_BEXPDLIN:4.01; COAL_COALCST:515.35; COAL_COALEXP:2909.05; COAL_COALLIN:2909.05; COAL_COALLOG:2911.05; COAL_COALSTEP:5870.27",NA,NA,NA
"TF105001_treefam.fasta",111,2351,"LG+I+G4",-75646.0189,151734.0378,153007.5716,"ModelTest-NG",0.0791,0.0559,0.042,0.0531,0.0129,0.0408,0.0716,0.0573,0.0224,0.0622,0.0991,0.0646,0.023,0.0423,0.044,0.0612,0.0533,0.0121,0.0342,0.0691,0.6029,0.6029,7.04040833687792,19.6581681971967,162691,5.79768972611318,2.65778871463481,3.13990101147837,0.458422033635907,NA,NA,NA,NA,53.1375091353739,-102.163907159637,-102.163907159637,"RPANDA_BD_BCSTDCST","birth_death",111,27.7335,1,NA,NA,"BD_BCSTDCST:-102.16; BD_BEXPCDST:-100.49; BD_BCSTDLIN:-100.4; BD_BLINCDST:-100.38; BD_BCSTDEXP:-100.38; BD_BEXPDEXP:-98.48; BD_BEXPDLIN:-98.27; BD_BLINDLIN:-98.26; BD_BLINDEXP:-98.23; COAL_COALCST:647.45; COAL_COALEXP:5193.82; COAL_COALLIN:5193.82; COAL_COALLOG:5195.82; COAL_COALSTEP:10558.96","BD_BCSTDCST > BD_BEXPCDST > BD_BCSTDLIN > BD_BLINCDST > BD_BCSTDEXP > BD_BEXPDEXP > BD_BEXPDLIN > BD_BLINDLIN > BD_BLINDEXP > COAL_COALCST > COAL_COALEXP > COAL_COALLIN > COAL_COALLOG > COAL_COALSTEP","BD_BCSTDCST:0; BD_BEXPCDST:1.68; BD_BCSTDLIN:1.76; BD_BLINCDST:1.78; BD_BCSTDEXP:1.78; BD_BEXPDEXP:3.68; BD_BEXPDLIN:3.89; BD_BLINDLIN:3.9; BD_BLINDEXP:3.93; COAL_COALCST:749.61; COAL_COALEXP:5295.98; COAL_COALLIN:5295.98; COAL_COALLOG:5297.98; COAL_COALSTEP:10661.12",NA,NA,NA
"TF105005_treefam.fasta",115,1239,"LG+I+G4",-59351.629,119161.258,120334.2097,"ModelTest-NG",0.0791,0.0559,0.042,0.0531,0.0129,0.0408,0.0716,0.0573,0.0224,0.0622,0.0991,0.0646,0.023,0.0423,0.044,0.0612,0.0533,0.0121,0.0342,0.0691,0.5944,0.5944,14.5940274414851,6.96316779117354,62954,8.12094397971259,-4.21059266291366,12.3315366426263,-0.518485618597097,NA,NA,NA,NA,89.1854264681354,-174.263710079128,-174.263710079128,"RPANDA_BD_BCSTDCST","birth_death",115,28.3745,1,NA,NA,"BD_BCSTDCST:-174.26; BD_BCSTDEXP:-173.53; BD_BEXPCDST:-173.32; BD_BLINCDST:-173.17; BD_BCSTDLIN:-173.09; BD_BEXPDEXP:-171.55; BD_BLINDLIN:-171.33; BD_BLINDEXP:-171.13; BD_BEXPDLIN:-170.95; COAL_COALCST:607.19; COAL_COALEXP:5408.72; COAL_COALLIN:5408.72; COAL_COALLOG:5410.72; COAL_COALSTEP:11062.51","BD_BCSTDCST > BD_BCSTDEXP > BD_BEXPCDST > BD_BLINCDST > BD_BCSTDLIN > BD_BEXPDEXP > BD_BLINDLIN > BD_BLINDEXP > BD_BEXPDLIN > COAL_COALCST > COAL_COALEXP > COAL_COALLIN > COAL_COALLOG > COAL_COALSTEP","BD_BCSTDCST:0; BD_BCSTDEXP:0.73; BD_BEXPCDST:0.94; BD_BLINCDST:1.1; BD_BCSTDLIN:1.17; BD_BEXPDEXP:2.71; BD_BLINDLIN:2.94; BD_BLINDEXP:3.14; BD_BEXPDLIN:3.32; COAL_COALCST:781.45; COAL_COALEXP:5582.99; COAL_COALLIN:5582.99; COAL_COALLOG:5584.99; COAL_COALSTEP:11236.78",NA,NA,NA
"TF101002_treefam.fasta",171,1110,"LG+I+G4+F",-66699.5201,134119.0402,135923.4017,"ModelTest-NG",0.0783,0.0462,0.0351,0.0517,0.0153,0.0478,0.0768,0.0368,0.0245,0.0418,0.1133,0.0607,0.0293,0.0335,0.0589,0.0697,0.0586,0.0063,0.0449,0.0704,0.843,0.843,18.2540540540541,11.8517421774751,120070,12.7564935692453,-9.50740643159676,22.2639000008421,-0.745299355186303,NA,NA,NA,NA,177.486753698043,-350.902078824657,-350.902078824657,"RPANDA_BD_BCSTDCST","birth_death",171,100039.5073,1,NA,NA,"BD_BCSTDCST:-350.9; BD_BEXPCDST:-349.45; BD_BCSTDEXP:-349.29; BD_BLINCDST:-349.16; BD_BCSTDLIN:-349.15; BD_BEXPDLIN:-348.05; BD_BEXPDEXP:-347.57; BD_BLINDLIN:-347.07; BD_BLINDEXP:-347.07; COAL_COALCST:928.7; COAL_COALEXP:10747.04; COAL_COALLIN:10747.04; COAL_COALLOG:10749.04; COAL_COALSTEP:21930.1","BD_BCSTDCST > BD_BEXPCDST > BD_BCSTDEXP > BD_BLINCDST > BD_BCSTDLIN > BD_BEXPDLIN > BD_BEXPDEXP > BD_BLINDLIN > BD_BLINDEXP > COAL_COALCST > COAL_COALEXP > COAL_COALLIN > COAL_COALLOG > COAL_COALSTEP","BD_BCSTDCST:0; BD_BEXPCDST:1.45; BD_BCSTDEXP:1.61; BD_BLINCDST:1.74; BD_BCSTDLIN:1.75; BD_BEXPDLIN:2.85; BD_BEXPDEXP:3.34; BD_BLINDLIN:3.84; BD_BLINDEXP:3.84; COAL_COALCST:1279.61; COAL_COALEXP:11097.94; COAL_COALLIN:11097.94; COAL_COALLOG:11099.94; COAL_COALSTEP:22281",NA,NA,NA
"TF102004_treefam.fasta",634,4560,"Basic_Estimation",0,0,0,"Basic",0.0500288823544779,0.0559359769637824,0.0358257305494033,0.0650273874386431,0.02542808293735,0.0372916188922528,0.0752334536039083,0.0641362434361584,0.0294512933199033,0.0517124768868595,0.0882900194774471,0.0723510236545032,0.0291029634166519,0.0570099941654741,0.0511667600384324,0.0592160835527328,0.0511551490416574,0.0126588892339935,0.0314687040095675,0.0575092670268011,3.44485737986347,0.0348684210526316,29.1035087719298,38.1947676170957,2534452,7.14193036437621,1.40126848302647,5.74066188134974,0.196203044770076,NA,NA,NA,NA,545.329783070878,-1086.64054870911,-1086.64054870911,"RPANDA_BD_BCSTDCST","birth_death",634,117.9051,1.000001,NA,NA,"BD_BCSTDCST:-1086.64; BD_BEXPCDST:-1085.55; BD_BCSTDEXP:-1085.12; BD_BLINCDST:-1083.86; BD_BCSTDLIN:-1083.77; BD_BEXPDEXP:-1083.52; BD_BEXPDLIN:-1081.97; BD_BLINDEXP:-1081.83; BD_BLINDLIN:-1081.81; COAL_COALCST:5521.93; COAL_COALEXP:191143.51; COAL_COALLIN:191143.51; COAL_COALLOG:191145.51; COAL_COALSTEP:383765.31","BD_BCSTDCST > BD_BEXPCDST > BD_BCSTDEXP > BD_BLINCDST > BD_BCSTDLIN > BD_BEXPDEXP > BD_BEXPDLIN > BD_BLINDEXP > BD_BLINDLIN > COAL_COALCST > COAL_COALEXP > COAL_COALLIN > COAL_COALLOG > COAL_COALSTEP","BD_BCSTDCST:0; BD_BEXPCDST:1.09; BD_BCSTDEXP:1.52; BD_BLINCDST:2.78; BD_BCSTDLIN:2.87; BD_BEXPDEXP:3.12; BD_BEXPDLIN:4.67; BD_BLINDEXP:4.81; BD_BLINDLIN:4.83; COAL_COALCST:6608.57; COAL_COALEXP:192230.15; COAL_COALLIN:192230.15; COAL_COALLOG:192232.15; COAL_COALSTEP:384851.95",NA,NA,NA
"TF103010_treefam.fasta",94,2364,"LG+I+G4+F",-71205.8402,142823.6803,144011.9111,"ModelTest-NG",0.0809,0.0513,0.0412,0.0467,0.0216,0.0583,0.0711,0.0546,0.019,0.0408,0.0882,0.075,0.0198,0.0344,0.0575,0.0917,0.0583,0.0088,0.0189,0.0619,0.8733,0.8733,5.87901861252115,22.6448409843143,157359,2858.15855818267,2757.56564427713,100.59291390554,0.964804991795312,NA,NA,NA,NA,66.2990185669663,-124.148598931685,-124.148598931685,"RPANDA_BD_BEXPDEXP","birth_death",94,100021.6093,1.000001,NA,NA,"BD_BEXPDEXP:-124.15; BD_BCSTDCST:-113.55; BD_BEXPCDST:-111.6; BD_BCSTDEXP:-111.53; BD_BCSTDLIN:-111.52; BD_BLINCDST:-111.51; BD_BEXPDLIN:-109.71; BD_BLINDLIN:-109.34; BD_BLINDEXP:-109.33; COAL_COALCST:474.83; COAL_COALEXP:3201.95; COAL_COALLIN:3201.95; COAL_COALLOG:3203.95; COAL_COALSTEP:6567.53","BD_BEXPDEXP > BD_BCSTDCST > BD_BEXPCDST > BD_BCSTDEXP > BD_BCSTDLIN > BD_BLINCDST > BD_BEXPDLIN > BD_BLINDLIN > BD_BLINDEXP > COAL_COALCST > COAL_COALEXP > COAL_COALLIN > COAL_COALLOG > COAL_COALSTEP","BD_BEXPDEXP:0; BD_BCSTDCST:10.6; BD_BEXPCDST:12.55; BD_BCSTDEXP:12.62; BD_BCSTDLIN:12.63; BD_BLINCDST:12.63; BD_BEXPDLIN:14.44; BD_BLINDLIN:14.81; BD_BLINDEXP:14.82; COAL_COALCST:598.98; COAL_COALEXP:3326.09; COAL_COALLIN:3326.09; COAL_COALLOG:3328.09; COAL_COALSTEP:6691.68",NA,NA,NA
"TF101008_treefam.fasta",98,656,"LG+G4",-22777.1732,45941.4737,46812.6616,"ModelTest-NG",0.0791,0.0559,0.042,0.0531,0.0129,0.0408,0.0716,0.0573,0.0224,0.0622,0.0991,0.0646,0.023,0.0423,0.044,0.0612,0.0533,0.0121,0.0342,0.0691,1.1908,1.2571,11.0975609756098,9.06785714285714,33007,7.98254855186567,5.58530873090984,2.39723982095584,0.699689916650046,NA,NA,NA,NA,57.1308746391312,-110.135433488789,-110.135433488789,"RPANDA_BD_BCSTDCST","birth_death",98,29.0006,1,NA,NA,"BD_BCSTDCST:-110.14; BD_BCSTDEXP:-109.83; BD_BCSTDLIN:-109.79; BD_BLINCDST:-109.77; BD_BEXPCDST:-109.76; BD_BEXPDLIN:-107.73; BD_BLINDLIN:-107.72; BD_BEXPDEXP:-107.66; BD_BLINDEXP:-107.65; COAL_COALCST:514.31; COAL_COALEXP:3584.84; COAL_COALLIN:3584.84; COAL_COALLOG:3586.84; COAL_COALSTEP:7333.6","BD_BCSTDCST > BD_BCSTDEXP > BD_BCSTDLIN > BD_BLINCDST > BD_BEXPCDST > BD_BEXPDLIN > BD_BLINDLIN > BD_BEXPDEXP > BD_BLINDEXP > COAL_COALCST > COAL_COALEXP > COAL_COALLIN > COAL_COALLOG > COAL_COALSTEP","BD_BCSTDCST:0; BD_BCSTDEXP:0.3; BD_BCSTDLIN:0.34; BD_BLINCDST:0.37; BD_BEXPCDST:0.37; BD_BEXPDLIN:2.41; BD_BLINDLIN:2.41; BD_BEXPDEXP:2.48; BD_BLINDEXP:2.48; COAL_COALCST:624.44; COAL_COALEXP:3694.97; COAL_COALLIN:3694.97; COAL_COALLOG:3696.97; COAL_COALSTEP:7443.73",NA,NA,NA
"TF103007_treefam.fasta",100,1038,"LG+I+G4+F",-39417.7512,79271.5025,80349.5236,"ModelTest-NG",0.0557,0.0466,0.0409,0.0508,0.0228,0.0391,0.0658,0.0504,0.0223,0.0565,0.1015,0.0551,0.0177,0.0662,0.0668,0.0752,0.0609,0.007,0.0315,0.0671,1.6013,1.6013,13.1098265895954,7.68812463256908,52310,8623.94512950365,8484.96265783505,138.9824716686,0.983884119207447,NA,NA,NA,NA,90.3277741273073,-172.234495623036,-172.234495623036,"RPANDA_BD_BEXPDEXP","birth_death",100,100039.3251,1.00000100000046,NA,NA,"BD_BEXPDEXP:-172.23; BD_BCSTDCST:-160.92; BD_BEXPCDST:-160.04; BD_BCSTDLIN:-159.93; BD_BLINCDST:-159.92; BD_BCSTDEXP:-159.79; BD_BEXPDLIN:-158.28; BD_BLINDLIN:-157.77; BD_BLINDEXP:-157.75; COAL_COALCST:468.33; COAL_COALEXP:3173.63; COAL_COALLIN:3173.63; COAL_COALLOG:3175.63; COAL_COALSTEP:6547.12","BD_BEXPDEXP > BD_BCSTDCST > BD_BEXPCDST > BD_BCSTDLIN > BD_BLINCDST > BD_BCSTDEXP > BD_BEXPDLIN > BD_BLINDLIN > BD_BLINDEXP > COAL_COALCST > COAL_COALEXP > COAL_COALLIN > COAL_COALLOG > COAL_COALSTEP","BD_BEXPDEXP:0; BD_BCSTDCST:11.31; BD_BEXPCDST:12.2; BD_BCSTDLIN:12.3; BD_BLINCDST:12.31; BD_BCSTDEXP:12.44; BD_BEXPDLIN:13.96; BD_BLINDLIN:14.47; BD_BLINDEXP:14.48; COAL_COALCST:640.56; COAL_COALEXP:3345.86; COAL_COALLIN:3345.86; COAL_COALLOG:3347.86; COAL_COALSTEP:6719.36",NA,NA,NA
"TF103004_treefam.fasta",36,265,"LG+G4",-3696.0013,7532.0027,7782.5837,"ModelTest-NG",0.0791,0.0559,0.042,0.0531,0.0129,0.0408,0.0716,0.0573,0.0224,0.0622,0.0991,0.0646,0.023,0.0423,0.044,0.0612,0.0533,0.0121,0.0342,0.0691,0.8574,0,2.89056603773585,14.2271540469974,5449,70.0591503275937,71.6579491612395,-1.59879883364584,1.02282069973972,NA,NA,NA,NA,13.9853444634321,-18.680366346219,-18.680366346219,"RPANDA_BD_BLINDLIN","birth_death",36,6.519,1,NA,NA,"BD_BLINDLIN:-18.68; BD_BEXPDLIN:-12.82; BD_BCSTDCST:-12.03; BD_BCSTDLIN:-11; BD_BCSTDEXP:-10.39; BD_BLINCDST:-10.1; BD_BEXPCDST:-10.03; BD_BLINDEXP:-7.56; BD_BEXPDEXP:-7.49; COAL_COALCST:153.96; COAL_COALEXP:577.72; COAL_COALLIN:577.72; COAL_COALLOG:579.72; COAL_COALSTEP:1193.81","BD_BLINDLIN > BD_BEXPDLIN > BD_BCSTDCST > BD_BCSTDLIN > BD_BCSTDEXP > BD_BLINCDST > BD_BEXPCDST > BD_BLINDEXP > BD_BEXPDEXP > COAL_COALCST > COAL_COALEXP > COAL_COALLIN > COAL_COALLOG > COAL_COALSTEP","BD_BLINDLIN:0; BD_BEXPDLIN:5.86; BD_BCSTDCST:6.66; BD_BCSTDLIN:7.68; BD_BCSTDEXP:8.29; BD_BLINCDST:8.58; BD_BEXPCDST:8.65; BD_BLINDEXP:11.12; BD_BEXPDEXP:11.19; COAL_COALCST:172.64; COAL_COALEXP:596.4; COAL_COALLIN:596.4; COAL_COALLOG:598.4; COAL_COALSTEP:1212.49",NA,NA,NA
"TF105008_treefam.fasta",134,905,"LG+I+G4+F",-31585.3468,63742.6936,65117.763,"ModelTest-NG",0.1075,0.0722,0.0316,0.0435,0.0164,0.049,0.0683,0.0782,0.0293,0.022,0.0871,0.0558,0.0187,0.0241,0.1066,0.0867,0.034,0.0026,0.0313,0.035,0.8764,0.8764,18.9834254143646,9.81769499417928,84334,3.84991952429896,1.24029638736087e-06,3.84991828400257,3.22161639881738e-07,NA,NA,NA,NA,45.9466420386179,-87.8016810238008,-87.8016810238008,"RPANDA_BD_BCSTDCST","birth_death",134,20.7606,1,NA,NA,"BD_BCSTDCST:-87.8; BD_BEXPCDST:-86.03; BD_BLINCDST:-85.74; BD_BCSTDEXP:-85.71; BD_BCSTDLIN:-85.44; BD_BEXPDLIN:-84.38; BD_BEXPDEXP:-83.91; BD_BLINDEXP:-83.61; BD_BLINDLIN:-83.61; COAL_COALCST:900.68; COAL_COALEXP:8820.7; COAL_COALLIN:8820.7; COAL_COALLOG:8822.7; COAL_COALSTEP:17815.63","BD_BCSTDCST > BD_BEXPCDST > BD_BLINCDST > BD_BCSTDEXP > BD_BCSTDLIN > BD_BEXPDLIN > BD_BEXPDEXP > BD_BLINDEXP > BD_BLINDLIN > COAL_COALCST > COAL_COALEXP > COAL_COALLIN > COAL_COALLOG > COAL_COALSTEP","BD_BCSTDCST:0; BD_BEXPCDST:1.77; BD_BLINCDST:2.06; BD_BCSTDEXP:2.09; BD_BCSTDLIN:2.36; BD_BEXPDLIN:3.42; BD_BEXPDEXP:3.9; BD_BLINDEXP:4.19; BD_BLINDLIN:4.19; COAL_COALCST:988.49; COAL_COALEXP:8908.5; COAL_COALLIN:8908.5; COAL_COALLOG:8910.5; COAL_COALSTEP:17903.43",NA,NA,NA
